Style,n,percent
Hippie,147,50.689655172413794
Glam,143,49.310344827586206
