Experiment_Type,n,percent
BB_T_D_M,96,33.10344827586207
BB_T_D_T,69,23.79310344827586
BB_T_D_ST,63,21.72413793103448
BB_T_D_SM,62,21.379310344827587
