Gender,n,percent
male,152,52.41379310344828
female,138,47.58620689655172
