Style,n,mean,sd,se
Glam,36,39.75,35.64537637819044,5.94089606303174
Hippie,33,44.96969696969697,38.69793667665375,6.736446106993912
