Style,n,mean,sd,se
Glam,46,48.71739130434783,39.08205785749789,5.762335061068357
Hippie,50,34.06,33.19848164710955,4.694974299553661
