Style,n,mean,sd,se
Glam,143,30.04895104895105,31.835919272642446,2.6622533122978
Hippie,147,36.61904761904762,32.49854229256371,2.6804345915545853
