Effect,Video,n_glam,mean_glam,sd_glam,n_hippie,mean_hippie,sd_hippie,mean_diff_glam_minus_hippie,t,p_uncorrected,p_bonferroni,alpha_bonferroni,significant_bonferroni
0,M_D_A_M,36,69.61111111111111,57.64684492805075,38,29.81578947368421,41.30038627079223,39.79532163742691,3.3974971801848564,0.0011813775696712157,0.0035441327090136475,0.016666666666666666,True
1,M_D_M,145,38.59310344827586,47.63657216533149,154,26.038961038961038,33.879425402154794,12.554142409314824,2.6118609473927163,0.009531528916686514,0.02859458675005954,0.016666666666666666,True
2,M_D_N_M,31,30.774193548387096,37.99272709122046,38,26.5,35.16428624367381,4.274193548387096,0.4805711587149475,0.6325121489314859,1.0,0.016666666666666666,False
